unit_id,arm,user_id,scenario_id,seed,turn_index,local_first_text_ms,local_complete_ms,local_first_token_ms,generator_first_token_ms,state_hydration_ms,policy_ms,retrieval_ms,prompt_build_ms,tokenization_ms,generation_setup_ms,generation_ms,final_decode_ms,input_tokens,output_tokens,source_invocations
state_095e7d5a576866ef0fd9,context_only,p16,p16:1,101,8,88.61390741852422,2230.7448660333953,88.57095039760073,87.00355336380501,0.11177539514998595,0.006845065702994664,0.03511489679416021,0.00931834802031517,1.3690637424588203,0.03527958566943804,2229.0227736812085,0.15469531839092573,444.0,80.0,0.0
state_095e7d5a576866ef0fd9,fixed_off,p16,p16:1,101,8,561.3389676436782,2847.6346565876156,561.2835479745021,304.7789869985233,0.12884102761745453,0.007888690258065859,251.9951385911554,0.04622704970339934,4.28185798227787,0.04460763496657213,2590.999652942022,0.1304426696151495,1839.0,83.0,4.0
state_095e7d5a576866ef0fd9,me_r0,p16,p16:1,101,8,250.74449639456967,3068.1664990261197,250.6799173230926,243.28641329581538,0.12873167482515177,0.008295678223172823,3.579947321365277,0.01872571495672067,3.6161585400501886,0.04164509785672029,3060.6317912849286,0.1412037139137586,1508.0,103.0,1.0
state_095e7d5a576866ef0fd9,pm_off,p16,p16:1,101,8,397.3072417235623,2953.7096549756825,397.2540656880786,141.13228504235545,0.11375965550541878,7.199571002274752,246.37607640276352,0.03835326060652733,2.349796084066232,0.04422424050668875,2697.4287276777127,0.15914665224651495,784.0,95.0,3.0
state_095e7d5a576866ef0fd9,rule_off,p16,p16:1,101,8,557.6027176963786,2973.854525014758,557.5496753832946,305.38776198712486,0.11461041867733002,234.6494496644785,13.06901096055905,0.04180738081534704,4.243629984557629,0.04340498708188534,2721.5628339909017,0.12977762768665949,1809.0,88.0,3.0
state_0d7417c0bca2b3ba0921,context_only,p4,p4:1,303,8,89.27297662012279,2534.064614602054,89.22202629037201,87.29591166290145,0.144050611803929,0.008341313029328981,0.04473142325878143,0.01199101097881794,1.6713542087624471,0.04564605963726839,2531.9965603606156,0.14193961396813393,439.0,91.0,0.0
state_0d7417c0bca2b3ba0921,fixed_off,p4,p4:1,303,8,521.6961953168114,3039.6153343996652,521.6346217008928,280.58034235921997,0.11163911161323388,0.006900324175755183,236.8934842913101,0.04281732253730297,3.955856276055177,0.04358201598127683,2798.3829587077103,0.17809635028243065,1678.0,91.0,4.0
state_0d7417c0bca2b3ba0921,me_r0,p4,p4:1,303,8,239.24888825664917,2889.2921039368957,239.17829703229168,232.5473053691288,0.13260729610919952,0.008808992182215055,3.1251293451835713,0.016670596475402515,3.306277717153231,0.04149771605928739,2882.5005708883205,0.1605413854122162,1330.0,97.0,1.0
state_0d7417c0bca2b3ba0921,pm_off,p4,p4:1,303,8,563.2662559704235,2616.6207199761025,563.2153355982155,264.02324127654236,0.12737264235814413,7.715834382300575,287.28862789769966,0.040793713803092636,3.9755099763472876,0.04395570916434129,2317.2808326780796,0.1477929763495922,1646.0,75.0,3.0
state_0d7417c0bca2b3ba0921,rule_off,p4,p4:1,303,8,506.82987707356614,2559.658100362867,506.76828995347023,263.9271588996053,0.11379799495140712,226.16502603826424,12.439929647371173,0.03695371560752392,4.0402396116405725,0.045184046030044556,2316.6891576256603,0.12781168334186077,1646.0,75.0,3.0
state_1679d891d5425f37ea08,context_only,p7,p7:1,101,8,88.55183570024867,2686.4941280024746,88.5134950124969,86.93187862324218,0.11223368346691132,0.006966060027480125,0.03603395695487658,0.011172611266374588,1.379836428289612,0.035373649249474205,2684.7679247148335,0.14458689838647842,438.0,97.0,0.0
state_1679d891d5425f37ea08,fixed_off,p7,p7:1,101,8,561.3363590091467,2617.180923310419,561.2602613400668,281.4062670028458,0.14947766127685705,0.00927504152059555,274.7900323010981,0.06467375593880813,4.781981930136681,0.05855364724993706,2337.174704298377,0.15222467482089996,1674.0,75.0,4.0
state_1679d891d5425f37ea08,me_r0,p7,p7:1,101,8,238.90464209641019,1839.959923022737,238.8391143952807,232.71789696688452,0.13155334939559302,0.007662689313292503,2.6603053944806256,0.01687362479666869,3.262678626924753,0.042143743485212326,1833.723126600186,0.11557899415493011,1340.0,59.0,1.0
state_1679d891d5425f37ea08,pm_off,p7,p7:1,101,8,641.4716227445751,2694.3634633595743,641.4060623695453,263.5971979858975,0.11936730394760768,7.629496045410633,365.7876099459827,0.042445724830031395,4.182793665677309,0.04715169779956341,2316.4253366024545,0.12926237347225347,1648.0,75.0,3.0
state_1679d891d5425f37ea08,rule_off,p7,p7:1,101,8,530.5024249634395,2586.6886286530644,530.42411004814,264.31184836352867,0.13100200643142065,248.24838161778948,13.28180575122436,0.04643597640097141,4.352573382978638,0.05206294978658358,2320.4063039738685,0.17006299458444118,1648.0,75.0,3.0
state_167ce1f68daa5eb1e2fe,context_only,p12,p12:3,303,3,73.6719057119141,1696.1309344042093,73.63626376415293,72.3292687907815,0.11284773548444112,0.00657762090365092,0.028493348509073257,0.009009692197044691,1.115284627303481,0.034781948973735176,1694.6792537346482,0.14468569618960223,317.0,61.0,0.0
state_167ce1f68daa5eb1e2fe,fixed_off,p12,p12:3,303,3,478.1193653276811,2096.73052902023,478.0401856793712,263.16528495711583,0.1353822493304809,0.008874495203296343,209.98371159657836,0.062096320713559784,4.626399992654721,0.05843606777489185,1881.7163692632068,0.13925903476774693,1612.0,59.0,4.0
state_167ce1f68daa5eb1e2fe,me_r0,p12,p12:3,303,3,202.76651360715428,2346.7243735988936,202.71632261574268,197.50973535701632,0.10986300185322762,0.00701324703792731,2.1874839439988136,0.015468026200930277,2.850555426751574,0.036203612883885704,2341.3506763366363,0.16711000353097916,1263.0,79.0,1.0
state_167ce1f68daa5eb1e2fe,pm_off,p12,p12:3,303,3,430.3298785816878,2143.7038869286575,430.2463506658872,244.00930541257063,0.10863629480202992,6.006940345590313,176.47543999676904,0.04122103564441204,3.5611032508313656,0.04370432967940966,1957.348368363455,0.11847331188619137,1520.0,63.0,3.0
state_167ce1f68daa5eb1e2fe,rule_off,p12,p12:3,303,3,498.84299801973003,2026.6454542676609,498.7609116360545,261.0108070075512,0.12624791512886682,176.14236078225076,57.16451296272377,0.04805733139316241,4.217754350975156,0.05117128603160381,1788.7752297489594,0.12011989019811153,1585.0,56.0,3.0
state_171ecc90e75224aaa806,context_only,p4,p4:1,101,3,73.24291222418348,1393.2035865727812,73.20402322026591,71.95258132802944,0.10940083302557468,0.006786004329721133,0.026388093829154968,0.00841465468207995,1.0647336797167857,0.03571862665315469,1391.8366380191098,0.11550666143496831,314.0,50.0,0.0
state_171ecc90e75224aaa806,fixed_off,p4,p4:1,101,3,448.15795837591094,1833.19221297279,448.08810770822066,262.80164198639494,0.1104550901800394,0.009832282861073812,180.98446905302504,0.04728130685786406,4.08613324786226,0.04829474103947481,1647.7912849901866,0.11446226077775161,1625.0,51.0,4.0
state_171ecc90e75224aaa806,me_r0,p4,p4:1,101,3,203.3570713053147,1556.2381563552965,203.28962934824327,197.74342561140656,0.11204509064555168,0.007305915157000224,2.4753666948527098,0.01511800413330396,2.9003959304342666,0.035972101613879204,1550.5544706247747,0.13748199368516603,1268.0,50.0,1.0
state_171ecc90e75224aaa806,pm_off,p4,p4:1,101,3,306.3690230095138,1739.5563086805244,306.31766134562594,120.66064674096803,0.12595260826249918,6.349076672146718,176.9333741006752,0.03799928041795889,2.163289968545238,0.04732197461028894,1553.7814324100812,0.11786166578531265,680.0,54.0,3.0
state_171ecc90e75224aaa806,rule_off,p4,p4:1,101,3,433.78577032126486,1876.7746586818248,433.7277270387858,260.2869290082405,0.10935799218714237,158.36812074606618,11.084171012043953,0.03570465681453546,3.8006912606457868,0.04275236278772354,1703.1958433023344,0.13801734894514084,1593.0,53.0,3.0
state_1a8e1eb1d03cc9252b38,context_only,p2,p2:2,101,8,88.90993598227699,1899.1468780053158,88.86239933781326,87.02562237158418,0.135701692973574,0.007999905695517858,0.04414143040776253,0.011032990490396818,1.5937606027970712,0.04414034386475881,1897.1815146505833,0.12858638850351176,439.0,68.0,0.0
state_1a8e1eb1d03cc9252b38,fixed_off,p2,p2:2,101,8,540.1096900459379,2911.684167648976,540.0426303191731,299.10420230589807,0.11630069154004256,0.006857250506679217,236.33626041313013,0.04799431189894676,4.384424692640702,0.046590653558572136,2670.5906474186727,0.15509221702814102,1790.0,86.0,4.0
state_1a8e1eb1d03cc9252b38,me_r0,p2,p2:2,101,8,252.776536392048,2572.3490541179976,252.71966533424953,245.90477929450572,0.11366039204100768,0.007145262012879054,3.426020344098409,0.01650606282055378,3.214334991450111,0.03721898732086023,2565.375028643757,0.15913943449656168,1430.0,85.0,1.0
state_1a8e1eb1d03cc9252b38,pm_off,p2,p2:2,101,8,588.6820533778518,2958.862033051749,588.6228523838023,297.5433449416111,0.11281816599269708,7.223856247340639,279.5068646470706,0.04234840162098408,4.148818630104263,0.04480135006209215,2667.6004802963384,0.18204531321922937,1757.0,86.0,3.0
state_1a8e1eb1d03cc9252b38,rule_off,p2,p2:2,101,8,639.0091249874482,2996.8168773533157,638.9476463664323,297.7695293569316,0.12563828689356646,232.4607230257243,104.36915629543364,0.0439290888607502,4.135581276689966,0.04308903589844704,2655.499521565313,0.13923877850174904,1757.0,86.0,3.0
state_1bb2fbdd19dca1a22bdc,context_only,p10,p10:1,202,8,88.70096535732348,1385.0128343328834,88.66114937700331,86.92035040197273,0.13097670550147691,0.00783032737672329,0.037830633421738945,0.010785336295763651,1.5119609888643026,0.041414983570575714,1383.1378670098882,0.13416834796468416,436.0,49.0,0.0
state_1bb2fbdd19dca1a22bdc,fixed_off,p10,p10:1,202,8,573.7876781107237,2518.2839200521507,573.7214830393592,305.0871156156063,0.11248638232549031,0.006895978003740311,264.14385709601146,0.04879028225938479,4.27909226467212,0.043245420480767884,2249.5223452957966,0.1272073326011499,1846.0,71.0,4.0
state_1bb2fbdd19dca1a22bdc,me_r0,p10,p10:1,202,8,247.3820139809201,2037.172806294014,247.33130657114089,241.61074900378784,0.11724070645868778,0.0071588438004255295,2.353898404786984,0.015319713080922762,3.190957630674044,0.03598226855198542,2031.3309227737288,0.12132595293223858,1483.0,66.0,1.0
state_1bb2fbdd19dca1a22bdc,pm_off,p10,p10:1,202,8,536.3124793705841,2756.619888047377,536.2500360546013,305.5521650239825,0.11916474128762881,7.135660930847128,219.12635668801764,0.04076204883555571,4.230157394583027,0.045769227047761284,2525.7921420658627,0.1298749508957068,1818.0,81.0,3.0
state_1bb2fbdd19dca1a22bdc,rule_off,p10,p10:1,202,8,545.7641256507486,2769.3474263263247,545.688638308396,304.8636349849403,0.13112400968869528,223.31087904361388,12.656284573798379,0.044643646106123924,4.630880740781625,0.051191309466958046,2528.3933540340513,0.12906896881759167,1818.0,81.0,3.0
state_1de690d6e150d375223f,context_only,p13,p13:1,202,8,87.76004464986424,1758.16492526792,87.71588498105605,86.18417793574433,0.11128365683058898,0.006309710443019867,0.03475494061907133,0.00909692607820034,1.3337219910075266,0.03653982033332189,1756.4980478491634,0.13517037344475588,420.0,63.0,0.0
state_1de690d6e150d375223f,fixed_off,p13,p13:1,202,8,512.5981263505915,1814.5566733243566,512.5429020263255,261.87216863036156,0.13203934455911318,0.008374685421586037,246.46143902403614,0.049111355716983475,3.973232659821709,0.04653632640838623,1563.7508073511224,0.1351325772702694,1604.0,48.0,4.0
state_1de690d6e150d375223f,me_r0,p13,p13:1,202,8,205.92136541381478,3475.119591302549,205.83682204596698,198.49828095175326,0.14312371301154295,0.009059673175215721,3.486459298680226,0.020701360578338306,3.629848671456178,0.049348377312223114,3467.6126079478613,0.1684422604739666,1280.0,119.0,1.0
state_1de690d6e150d375223f,pm_off,p13,p13:1,202,8,248.73939567866424,3818.950752650077,248.67032996068397,232.5840612562994,0.1315167173743248,7.494391951089104,5.037875923638542,0.020183390006422997,3.360569089030226,0.04173163324594498,3802.6732640185705,0.19121992712219557,1365.0,130.0,2.0
state_1de690d6e150d375223f,rule_off,p13,p13:1,202,8,532.4919840010504,1844.1932497080415,532.4206463992596,260.77647708977264,0.13588167106111845,251.9643090199679,14.923700985188285,0.05268002860248089,4.510027356445789,0.057570248221357666,1572.4180253067364,0.13105509181817374,1579.0,48.0,3.0
state_1ff7c99c51a76f3b833b,context_only,p8,p8:2,303,8,89.2384396865964,1575.1575934700668,89.19035472596686,87.44276237363617,0.12487638741731644,0.007648409033815066,0.037946272641420364,0.010728292788068453,1.5218376647680998,0.044555325681964554,1573.292758082971,0.11724303476512432,441.0,56.0,0.0
state_1ff7c99c51a76f3b833b,fixed_off,p8,p8:2,303,8,528.589693053315,1693.0807286407799,528.5292530121902,280.91545635834336,0.11284556239843369,0.007205409929156303,243.40137327089906,0.046940442795554795,4.001549289872249,0.043882677952448525,1445.3568775982906,0.1100543886423111,1684.0,43.0,4.0
state_1ff7c99c51a76f3b833b,me_r0,p8,p8:2,303,8,240.6139310915023,2011.1540794217337,240.5380621397247,232.40937230487665,0.1296273743112882,0.008290711169441542,4.624697690208753,0.01864399140079816,3.3066826096425452,0.04074745811522007,2002.8818096034229,0.14357998346289,1333.0,65.0,1.0
state_1ff7c99c51a76f3b833b,pm_off,p8,p8:2,303,8,554.0030410823723,1807.51472672758,553.9242383092642,264.94570130792755,0.13150631760557493,7.983449691285689,275.98659438081086,0.06021489389240742,4.758162734409173,0.058608983332912125,1518.4240120773513,0.11217764889200528,1660.0,46.0,3.0
state_1ff7c99c51a76f3b833b,rule_off,p8,p8:2,303,8,510.9229466567437,1762.2646109666675,510.8697956893593,264.5646710880101,0.10988201635579269,227.83469393228492,14.389334712177515,0.03686298926671346,3.8916763539115586,0.04267459735274315,1515.8110707222174,0.14841564310093722,1660.0,46.0,3.0
state_21bae6b972f2df1611a6,context_only,p16,p16:2,101,3,73.60417931340635,1936.230965346719,73.55734837862353,72.13083902994792,0.1312623887012402,0.007848876218001047,0.02873906244834264,0.00958664653201898,1.2079816466818254,0.04109072809418043,1934.6472372611363,0.15721873690684637,314.0,70.0,0.0
state_21bae6b972f2df1611a6,fixed_off,p16,p16:2,101,3,466.98605672766763,2522.411246706421,466.928533045575,297.3682083344708,0.10839073608318965,0.007426987091700236,165.2262763430675,0.047375292827685676,4.12433804012835,0.04651731190582117,2352.721308978895,0.1296130164215962,1760.0,75.0,4.0
state_21bae6b972f2df1611a6,me_r0,p16,p16:2,101,3,237.5920497191449,2470.3230493081114,237.53956061167023,231.62837427419922,0.10840462831159432,0.007050344720482826,2.7050793481369815,0.015243655070662498,3.0391913993904986,0.03621696184078852,2464.2534956801683,0.1583672904719909,1350.0,82.0,1.0
state_21bae6b972f2df1611a6,pm_off,p16,p16:2,101,3,301.22630662905675,2039.2412933676194,301.1689637011538,119.50994740861158,0.12147403322160244,6.2042165858050184,173.02154276209572,0.038901266331473984,2.2216457097480693,0.051235935340325035,1857.4573800433427,0.12489703173438708,649.0,65.0,2.0
state_21bae6b972f2df1611a6,rule_off,p16,p16:2,101,3,465.31612464847666,2714.7690364314863,465.2620797666411,295.25330445418757,0.10964460670948029,154.09413476785025,11.63133365722994,0.037621318673094116,4.092337718854348,0.043703243136405945,2544.607407102982,0.15285401605069637,1730.0,82.0,3.0
state_25d6bbe3f8761bf56b08,context_only,p17,p17:1,101,3,73.39250373964508,1704.1888333236177,73.33040439213316,71.5670430411895,0.15539435359338918,0.009439031903942427,0.03645095663766066,0.011710372443000475,1.4986836661895115,0.051682970176140465,1702.280255034566,0.1452169381082058,306.0,61.0,0.0
state_25d6bbe3f8761bf56b08,fixed_off,p17,p17:1,101,3,401.7957599523167,2181.7076130149267,401.73476802495617,261.96073500129086,0.10786096875866254,0.006794308622678121,135.67791040986776,0.04293994667629401,3.8946853019297123,0.043842087810238205,2041.772261960432,0.16131803082923094,1611.0,65.0,4.0
state_25d6bbe3f8761bf56b08,me_r0,p17,p17:1,101,3,200.89739304967225,1953.9841286993276,200.8511753131946,196.47796700398126,0.11132735138138135,0.007295360167821248,1.3837763884415228,0.017201993614435196,2.818773267790675,0.034833947817484535,1949.4716790504754,0.13924133963882923,1242.0,65.0,1.0
state_25d6bbe3f8761bf56b08,pm_off,p17,p17:1,101,3,245.3922467151036,1867.1785506885499,245.34160806797445,107.29078769994278,0.10849201741317908,5.812481356163819,130.15208998695016,0.03148700731496016,1.9022580236196518,0.044011976569890976,1729.0102949676414,0.11743535287678242,594.0,61.0,2.0
state_25d6bbe3f8761bf56b08,rule_off,p17,p17:1,101,3,413.85955829173326,2000.6812216403584,413.77722557323676,260.3507159122576,0.12454732010761897,137.96372657331327,11.141558332989613,0.04213706900676092,4.107040042678515,0.047500322883327804,1847.136526601389,0.11818537799020608,1584.0,58.0,3.0
state_2c520491a6f996b397f7,context_only,p16,p16:2,202,8,88.9765159226954,1899.7897275257856,88.92170526087284,87.19060337170959,0.13114558532834053,0.007538047308723132,0.03942024583617846,0.01069437712430954,1.501795059690873,0.0405085738748312,1897.9027046977233,0.1559209388991197,442.0,68.0,0.0
state_2c520491a6f996b397f7,fixed_off,p16,p16:2,202,8,558.9108660351485,2534.2529360204935,558.8485066934178,296.1250379836808,0.11616696914037068,0.007311658312877019,258.0154260310034,0.05439366213977337,4.479848391686876,0.05032199745376905,2271.3866766231754,0.14279068758090338,1733.0,72.0,4.0
state_2c520491a6f996b397f7,me_r0,p16,p16:2,202,8,239.76947468084595,2440.6977434021733,239.71954407170415,233.1581957017382,0.11339775907496612,0.006766524165868759,3.3439867353687682,0.015746025989453,3.0465793485442796,0.03487197682261467,2434.008697979152,0.1276970530549685,1393.0,81.0,1.0
state_2c520491a6f996b397f7,pm_off,p16,p16:2,202,8,545.2676576096565,2558.910612948239,545.1887029533585,264.8614232894033,0.126697588711977,7.756756075347464,267.6796910042564,0.057183982183535896,4.650931339710951,0.05601967374483744,2278.4186073113233,0.16472597296039262,1649.0,73.0,3.0
state_2c520491a6f996b397f7,rule_off,p16,p16:2,202,8,592.9046543315053,2785.992927616462,592.8361629291127,281.6383522003889,0.12827462827165922,248.08041541837156,58.63724757606784,0.04382866124312083,4.263650703554352,0.04439374121526877,2474.6695256326348,0.12559125510354838,1703.0,80.0,3.0
state_2f772b1e6c2c8aab174c,context_only,p8,p8:2,202,8,88.55812732751171,2391.0340467312685,88.51918368600309,86.92502168317635,0.11710869148373604,0.0075340115775664645,0.034940894693136215,0.009466117868820826,1.3881365302950144,0.03697575690845648,2389.2771053748825,0.16277935355901718,439.0,86.0,0.0
state_2f772b1e6c2c8aab174c,fixed_off,p8,p8:2,202,8,530.1723590431114,2897.875902398179,530.1054110750556,280.5889460723847,0.11925135428706805,0.007578016569217046,244.94952793853977,0.05541671998798847,4.334195361783107,0.050495611503720284,2648.220900679007,0.13853671650091806,1677.0,86.0,4.0
state_2f772b1e6c2c8aab174c,me_r0,p8,p8:2,202,8,240.35437994947037,2925.5405767665557,240.27352795625725,232.11693189417323,0.1275479638328155,0.008259667083621025,4.654336022213101,0.018583998704950016,3.3015203662216663,0.046348044027884804,2917.2426749331257,0.14130577134589353,1324.0,98.0,1.0
state_2f772b1e6c2c8aab174c,pm_off,p8,p8:2,202,8,565.5786176988235,3209.7285113607845,565.5065457491825,264.45341436192393,0.12877536937594414,7.669240701943636,288.80595369264483,0.050460221245884895,4.3466531205922365,0.052048281456033386,2908.5301956317076,0.14518434181809425,1653.0,96.0,3.0
state_2f772b1e6c2c8aab174c,rule_off,p8,p8:2,202,8,604.5303613257905,3246.044842681537,604.4666772553077,264.8908995712797,0.14302033620576063,256.7632360539089,78.36508324059348,0.049644693111379944,4.208325718839963,0.04646764136850834,2906.308872702842,0.16019229466716448,1653.0,96.0,3.0
state_386f27896b4ed9f621e8,context_only,p8,p8:1,303,8,88.96902467434604,1705.127206010123,88.89649133197963,87.06554692859451,0.14340171280006567,0.00814565767844518,0.03940604316691557,0.010721307868758837,1.5840149329354365,0.04525474893550078,1703.1337439548224,0.16251765191555023,436.0,60.0,0.0
state_386f27896b4ed9f621e8,fixed_off,p8,p8:1,303,8,523.1675906882932,3631.998371332884,523.0824233343204,266.6382526513189,0.14579334917167822,0.009230027596155802,251.88190893580517,0.05434701840082804,4.300258044774334,0.052633307253321014,3375.403456001853,0.15074464802940687,1643.0,113.0,4.0
state_386f27896b4ed9f621e8,me_r0,p8,p8:1,303,8,205.28482925146818,2212.595409636075,205.22412828480205,197.67162661689022,0.11471565812826157,0.0067449485262235,4.458327389632662,0.01632026396691799,2.920399342353145,0.03599406530459722,2204.8884633307657,0.15444463739792505,1264.0,74.0,1.0
state_386f27896b4ed9f621e8,pm_off,p8,p8:1,303,8,513.4944316620628,3505.344152372951,513.412908030053,262.61497599383193,0.11298432946205139,7.178790712108214,239.11230700711408,0.05026130626598994,4.290803025166194,0.05278565610448519,3254.33636464489,0.2098556918402513,1619.0,109.0,3.0
state_386f27896b4ed9f621e8,rule_off,p8,p8:1,303,8,573.1904893958321,3580.011887708679,573.1208079960197,262.87001340339583,0.12800400145351887,230.45104431609312,75.50788073179622,0.04137633368372917,4.07707163443168,0.04541757516562939,3269.6028797266385,0.1582133894165357,1619.0,109.0,3.0
state_4955ef7e024bd4351130,context_only,p9,p9:1,202,3,73.4486593088756,1609.1720843687654,73.41229224887987,72.14801595546305,0.10996397274235885,0.006816349923610687,0.027672310049335163,0.008486599350968996,1.0719197647025187,0.03941729664802551,1607.7882026632626,0.11960541208585103,315.0,58.0,0.0
state_4955ef7e024bd4351130,fixed_off,p9,p9:1,202,3,423.5753506266822,2463.493650391077,423.51143232857186,242.9499989375472,0.11179200373589993,0.0073713405678669615,176.87149493334195,0.03920503271122774,3.488505957648158,0.04306412301957607,2282.8070419685296,0.1251750315229098,1502.0,75.0,4.0
state_4955ef7e024bd4351130,me_r0,p9,p9:1,202,3,186.0021740042915,1691.0673915408552,185.94981295367083,180.97246104540923,0.10703162600596745,0.007013945529858272,2.186285642286142,0.013332736367980639,2.6276756543666124,0.03601230370501677,1685.9739903205384,0.11604931205511093,1123.0,56.0,1.0
state_4955ef7e024bd4351130,pm_off,p9,p9:1,202,3,311.5918406595786,1960.731677012518,311.54627127883333,123.01779096014798,0.1208786852657795,6.200647990529736,180.00994731361666,0.0347476452589035,2.1173127461224794,0.0449459378918012,1772.0875329493235,0.11566374450922012,703.0,62.0,3.0
state_4955ef7e024bd4351130,rule_off,p9,p9:1,202,3,422.19527694396675,2091.2471876169243,422.14088793843985,241.83350335806608,0.10796768280367057,165.68674403242767,10.960462968796492,0.0320729644348224,3.476416924968362,0.04372000694274902,1910.7985157364358,0.14128730011483034,1476.0,61.0,3.0
state_50459bc9b13d5cca092f,context_only,p2,p2:1,303,8,88.32376589998603,2140.7711662662527,88.27834490997095,86.71643872124453,0.11305790394544601,0.007114994029204051,0.03381407198806604,0.009490565086404482,1.3621329950789611,0.03629565859834353,2139.0551233974597,0.15413668006658554,432.0,77.0,0.0
state_50459bc9b13d5cca092f,fixed_off,p2,p2:1,303,8,563.2994693393508,2677.887463088458,563.2129413230965,305.3964553400874,0.12466839204231898,0.008150624732176462,252.98234191723168,0.0554514117538929,4.595306313907106,0.050567323341965675,2419.945703353733,0.12527375171581903,1799.0,77.0,4.0
state_50459bc9b13d5cca092f,me_r0,p2,p2:1,303,8,252.38506061335406,2767.3526053161672,252.32553901150823,245.61354370477298,0.11244392953813076,0.0073053718854983645,3.367190637315313,0.016184368481238682,3.172467928379774,0.036403071135282516,2760.5051259355,0.13548407393197218,1423.0,92.0,1.0
state_50459bc9b13d5cca092f,pm_off,p2,p2:1,303,8,542.9109943409761,2955.7044360165796,542.8574069713553,297.364628330494,0.11456004964808623,7.2428889106959105,233.93459509437284,0.0424339280774196,4.114633658900857,0.043666999166210495,2710.064948303625,0.14670907209316889,1766.0,88.0,3.0
state_50459bc9b13d5cca092f,rule_off,p2,p2:1,303,8,597.7432866736004,3015.2996135875583,597.6683058931181,297.80102722967666,0.12512660274902979,236.53068703909716,58.53803168671826,0.04825702247520288,4.574034906302889,0.051141406099001564,2715.2798866542676,0.15244826984902224,1766.0,88.0,3.0
state_547bc005cd05ca042368,context_only,p12,p12:1,202,8,88.28001127888759,1632.539223646745,88.22843137507637,86.49839903227985,0.12901006266474724,0.007477588951587677,0.04542937191824118,0.01209337885181109,1.4945002427945535,0.04152169761558374,1630.6665449713666,0.14264633258183798,427.0,58.0,0.0
state_547bc005cd05ca042368,fixed_off,p12,p12:1,202,8,550.4970777935038,2056.5309807037315,550.419242043669,296.2117656910171,0.14141706439356008,0.008033045257131258,249.41642000339925,0.056458249067266784,4.535999692355593,0.049148298179109894,1802.1873160420607,0.1361883090188106,1741.0,55.0,4.0
state_547bc005cd05ca042368,me_r0,p12,p12:1,202,8,252.86979903467,2229.8528365790844,252.80575236926475,246.07229007718465,0.1279730349779129,0.008054310455918312,3.0604589264839888,0.020287387693921726,3.475120368724068,0.041568263744314514,2222.9656220879406,0.15375219906369844,1432.0,72.0,1.0
state_547bc005cd05ca042368,pm_off,p12,p12:1,202,8,605.3656343525896,2104.0979524453483,605.3040590292463,284.489619700859,0.13214473923047385,7.8593262781699496,308.4076549857855,0.047837073604265846,4.3193982758869724,0.048077975710233055,1783.1459607308109,0.13755238614976406,1715.0,55.0,3.0
state_547bc005cd05ca042368,rule_off,p12,p12:1,202,8,552.6176465985676,2068.677759884546,552.5321473057071,284.9830340128392,0.14314094247917333,247.42546933703125,15.043417302270731,0.053366413339972496,4.826900937284033,0.05681836046278477,1800.9696799175192,0.1589666741589705,1715.0,55.0,3.0
state_5995d11f3914014f832f,context_only,p12,p12:2,202,8,89.44462131087978,2073.980719627192,89.37817563613255,87.62073027901351,0.12943707406520844,0.007810536772012711,0.04012673161923885,0.010660306240121523,1.528326344365875,0.04108436405658722,2072.064862586558,0.15841168351471424,447.0,74.0,0.0
state_5995d11f3914014f832f,fixed_off,p12,p12:2,202,8,538.4561580140144,2006.4168566993128,538.3949304620425,281.1290114186704,0.12035535958906014,0.007134318972627322,252.6904478048285,0.054474842424194016,4.345206699023644,0.04830001853406429,1749.0388656345506,0.11207202139000098,1684.0,54.0,4.0
state_5995d11f3914014f832f,me_r0,p12,p12:2,202,8,236.87770628991225,1707.0477760086458,236.82503309100866,231.048894347623,0.11386675760149956,0.0072640056411425276,2.6929889184733233,0.015456927940249443,2.9117497615516186,0.03481237217783928,1701.1144696734846,0.15716759177545706,1301.0,54.0,1.0
state_5995d11f3914014f832f,pm_off,p12,p12:2,202,8,534.5471133477986,2002.3256733547896,534.4742810508857,265.13584206501645,0.1256649848073721,7.707731643070777,257.0135574011753,0.053357332944869995,4.382793636371692,0.055333987499276795,1732.8727810333173,0.1144533356030782,1658.0,54.0,3.0
state_5995d11f3914014f832f,rule_off,p12,p12:2,202,8,547.9338052682579,2023.2526840021212,547.8727406201264,264.95079362454516,0.12283399701118469,223.73565596838793,55.07807736285031,0.03832896860937277,3.90444602817297,0.042604670549432434,1740.1927150009822,0.13802200555801392,1658.0,54.0,3.0
state_5ef2ff288425670c81ce,context_only,p14,p14:2,101,8,89.64218439844747,1617.6286823271464,89.57984034592907,87.59029729602237,0.14462733330825964,0.008709651107589403,0.04442602706452211,0.012086005881428719,1.73094030469656,0.04875372784833113,1615.4937716200948,0.1453676571448644,440.0,57.0,0.0
state_5ef2ff288425670c81ce,fixed_off,p14,p14:2,101,8,566.85711001046,2302.5211276641735,566.7625426625212,284.7580375770728,0.1396879864235719,0.0087936253597339,276.5301134592543,0.06766764757533868,5.194437302028139,0.06380506480733554,2020.3805019458134,0.13612063291172186,1726.0,63.0,4.0
state_5ef2ff288425670c81ce,me_r0,p14,p14:2,101,8,239.29945658892393,2344.842079638814,239.21618098393083,232.9850250389427,0.13946757341424623,0.008387723937630653,2.5139869345972934,0.019653700292110443,3.503423339376847,0.0462366733700037,2338.4421529869237,0.16877070690194765,1339.0,77.0,1.0
state_5ef2ff288425670c81ce,pm_off,p14,p14:2,101,8,632.95415455165,2362.9242203508816,632.880838898321,281.21068025939167,0.12565497308969498,7.718052016571164,339.2663283739239,0.0523376123358806,4.457106969008843,0.05067869399984678,2011.0913993169863,0.16266239496568838,1701.0,63.0,3.0
state_5ef2ff288425670c81ce,rule_off,p14,p14:2,101,8,552.4169769293318,2284.3525630111494,552.3347292716304,281.760529614985,0.1393352479984363,251.5641184678922,13.92636657692492,0.05695573054254055,4.8293798851470155,0.05804374814033508,2013.6297110002488,0.14865235425531864,1701.0,63.0,3.0
state_6496c9e69ce2bb7f9473,context_only,p9,p9:1,303,3,73.46898627777894,1919.0247029376526,73.42411166367431,71.94078030685584,0.13212921718756357,0.00798678956925869,0.03160427634914716,0.010793407758076986,1.2576356530189514,0.043182012935479484,1917.3885415463399,0.15283003449440002,311.0,69.0,0.0
state_6496c9e69ce2bb7f9473,fixed_off,p9,p9:1,303,3,442.3728853774567,2275.842664685721,442.29978090152144,244.25182227666178,0.13992229166130224,0.009633678322037062,193.42947766805688,0.06110500544309616,4.349833664794763,0.05798631658156713,2077.640400345748,0.15430571511387825,1509.0,67.0,4.0
state_6496c9e69ce2bb7f9473,me_r0,p9,p9:1,303,3,186.08720763586462,2045.4158733288448,186.02873392713568,181.0227105549226,0.10704233621557553,0.00671002392967542,2.132629044353962,0.015293558438618978,2.7081670705229044,0.03618133875230948,2040.2619785939653,0.147871362666289,1135.0,69.0,1.0
state_6496c9e69ce2bb7f9473,pm_off,p9,p9:1,303,3,306.84782564640045,1773.4609640513856,306.7848039014886,120.53758084463577,0.12443501812716325,6.246641976758838,177.4498336793234,0.04226271994411945,2.332362268740932,0.05168739395836989,1587.0707919045042,0.14294909002880254,694.0,55.0,3.0
state_6496c9e69ce2bb7f9473,rule_off,p9,p9:1,303,3,425.05111002052826,2256.0395539427795,424.97435794211924,242.1302633204808,0.1173020185281833,166.56556027010083,12.237022009988626,0.04237199512620767,3.831790992990136,0.05004733490447203,2073.050773314511,0.1446860066304604,1483.0,67.0,3.0
state_653f2779410b1620f004,context_only,p13,p13:1,202,3,73.21290493321915,1181.9458513054997,73.18072494429846,71.91157372047503,0.10918530945976575,0.006570946425199509,0.025797712927063305,0.008203942949573198,1.0849042640378077,0.03448904802401861,1180.5416723558058,0.1350277258704106,314.0,42.0,0.0
state_653f2779410b1620f004,fixed_off,p13,p13:1,202,3,425.49661407247186,2170.5736310686916,425.40370936815935,232.18524673332772,0.14594437864919504,0.008387646327416102,188.98775009438396,0.06039626896381378,3.9578950187812247,0.05808922772606214,1977.2122350210946,0.1429334127654632,1324.0,64.0,4.0
state_653f2779410b1620f004,me_r0,p13,p13:1,202,3,177.46644001454115,2453.979332000017,177.38703568466008,171.19283174785474,0.15420536510646343,0.009374072154362997,2.861450193449855,0.02109274889032046,3.095805256937941,0.05227630026638508,2447.6500786840916,0.1350493791202704,992.0,84.0,1.0
state_653f2779410b1620f004,pm_off,p13,p13:1,202,3,381.53753243386745,2115.105512474353,381.47396113102633,197.81368637147048,0.12037049358089764,6.240620200211803,173.82251533369222,0.04592103262742361,3.3798083507766328,0.05103934866686662,1931.3047709874809,0.14046672731637955,1249.0,64.0,3.0
state_653f2779410b1620f004,rule_off,p13,p13:1,202,3,397.3672177332143,2129.4607600818076,397.3119246462981,229.76707527413964,0.11057041895886262,153.16606390600404,11.0632983657221,0.03312396196027597,3.128727354730169,0.043065364783008896,1961.7769519488018,0.138958760847648,1299.0,64.0,3.0
state_66872e1a536d8b32a329,context_only,p1,p1:1,101,8,89.07517596768837,2073.0154522849866,89.02110788039863,87.06900896504521,0.14422057817379633,0.008192689468463263,0.047128647565841675,0.012026013185580572,1.6941266755263011,0.046404311433434486,2070.910522947088,0.15283042254547277,437.0,74.0,0.0
state_66872e1a536d8b32a329,fixed_off,p1,p1:1,101,8,534.3535447803637,1941.7505190552522,534.2854941263795,305.1789960203071,0.1096304040402174,0.0067213550209999084,224.59087365617356,0.04715293956299623,4.307957055668036,0.04416269560654958,1712.4874766450375,0.15654430414239565,1844.0,51.0,4.0
state_66872e1a536d8b32a329,me_r0,p1,p1:1,101,8,251.02612228753665,1988.1433206610382,250.96709257923067,243.21410028884807,0.11302825684348743,0.007038392747441928,4.1811729315668344,0.016673312832911808,3.399547111863891,0.035532284528017044,1980.271397313724,0.11893105693161488,1511.0,64.0,1.0
state_66872e1a536d8b32a329,pm_off,p1,p1:1,101,8,539.8999562797447,1928.2244136556983,539.844565015907,305.633104328687,0.11152572308977445,7.1429006444911165,222.56242972798645,0.04246559304495653,4.307625970492761,0.0445130281150341,1693.9002823395033,0.11267062897483508,1819.0,51.0,3.0
state_66872e1a536d8b32a329,rule_off,p1,p1:1,101,8,551.5711788708965,1946.4313049490254,551.5059296352168,306.22516440538067,0.12769262927273908,225.16280862813196,15.280730711917082,0.044493082289894424,4.614410611490409,0.05062956673403581,1701.0367006684344,0.11383905075490475,1819.0,51.0,3.0
state_6a20132a23a99122e178,context_only,p5,p5:2,303,3,73.28657899051905,1394.9902676201116,73.24830838479102,71.99466802800696,0.10786065831780434,0.006409361958503723,0.024730339646339417,0.008555594831705093,1.071389066055417,0.034695335974295936,1393.6185646646966,0.11806259863078594,315.0,50.0,0.0
state_6a20132a23a99122e178,fixed_off,p5,p5:2,303,3,509.0718539431691,1893.442669340099,509.0101369811843,264.31963631572825,0.12642564252018929,0.00859028659760952,240.49134777548412,0.04595362891753515,3.9742003039767346,0.04398302795986334,1648.6385067303975,0.1136619442452987,1652.0,51.0,4.0
state_6a20132a23a99122e178,me_r0,p5,p5:2,303,3,200.1026099702964,2667.2689309343696,200.04667605583867,195.03632273214558,0.10729464702308178,0.0065213534981012344,2.086926639700929,0.0150843213001887,2.7592630746463933,0.03526328752438227,2662.108130985871,0.15044662480552992,1203.0,91.0,1.0
state_6a20132a23a99122e178,pm_off,p5,p5:2,303,3,291.6489376220852,1649.226328978936,291.5972755290568,123.46198324424525,0.10981620289385319,5.852981004863977,159.86920637078583,0.0315793634702762,2.2282196829716363,0.04348965982596079,1480.9719276769708,0.11910901715358098,747.0,51.0,2.0
state_6a20132a23a99122e178,rule_off,p5,p5:2,303,3,567.6269487012178,1880.314536082248,567.553211003542,263.19086528383195,0.1730827304224173,178.5944470514854,121.15959962829947,0.0475333072245121,4.341286374256015,0.04639662802219391,1575.8197694085538,0.13242095398406187,1626.0,48.0,3.0
state_6c0300648c118135c8d6,context_only,p15,p15:2,202,3,73.90213299853106,1990.4931023096044,73.85611797993381,72.42659999368091,0.12430160616834958,0.00786641612648964,0.02921263997753461,0.009566623096664747,1.218108305086692,0.04046239579717318,1988.9348902894806,0.12869403387109438,314.0,72.0,0.0
state_6c0300648c118135c8d6,fixed_off,p15,p15:2,202,3,435.6798066291958,2060.3784462437034,435.60254317708313,244.8418918841829,0.12384929383794467,0.009170034900307655,186.86162664865455,0.04711064199606577,3.6686210272212825,0.05027364629010359,1869.499678335463,0.11811661534011364,1412.0,60.0,4.0
state_6c0300648c118135c8d6,me_r0,p15,p15:2,202,3,184.90928302829465,1997.4096999503672,184.86179558870694,179.71697892062366,0.11433498002588749,0.007101334631443024,2.422376691053311,0.013798397655288378,2.5500402164955935,0.03716504822174708,1992.1215599558006,0.14332332648336887,1026.0,67.0,1.0
state_6c0300648c118135c8d6,pm_off,p15,p15:2,202,3,315.4253033765902,2276.4689296794436,315.3702560036133,120.53427333012223,0.12338898765544097,6.477023397261898,185.84155601759753,0.03744491065541903,2.3052444060643515,0.05132495425641537,2081.478201939414,0.1547450665384531,682.0,73.0,2.0
state_6c0300648c118135c8d6,rule_off,p15,p15:2,202,3,503.4463685782005,2352.2961483492204,503.39781562797725,232.1319243249794,0.11133231843511264,165.8649609889835,101.82098330308993,0.03838368381063143,3.387195368607839,0.04303564007083575,2080.8763375971466,0.15391944907605648,1385.0,68.0,3.0
state_73e829c020bc7f1a0ced,context_only,p1,p1:1,101,3,73.11174568409722,2143.7415656788894,73.0755830494066,71.80543507759769,0.10995597889026006,0.006800051778554916,0.025828368961811066,0.008616208409269651,1.0840230000515778,0.03492436371743679,2142.3408303720257,0.1305873350550731,313.0,78.0,0.0
state_73e829c020bc7f1a0ced,fixed_off,p1,p1:1,101,3,463.1796386092901,2486.429433648785,463.09384796768427,280.4145607321213,0.12275824944178264,0.00802233504752318,178.01437806338072,0.053165946155786514,4.4305547295759125,0.05040791196127733,2303.62392271248,0.12622370074192682,1680.0,74.0,4.0
state_73e829c020bc7f1a0ced,me_r0,p1,p1:1,101,3,238.45292208716273,2166.6435103397816,238.40243198598424,231.64722703707716,0.11008675210177898,0.007429237787922223,3.472335093344251,0.014848308637738228,3.115386003628373,0.03511955340703329,2159.745972137898,0.14233325297633806,1358.0,71.0,1.0
state_73e829c020bc7f1a0ced,pm_off,p1,p1:1,101,3,330.9257812798023,1980.7110043087353,330.8761266525835,118.50989827265342,0.11086099160214265,5.901152656103174,204.26684074724713,0.036363257095217705,2.0073444272081056,0.04366630067427953,1768.223075972249,0.12169995655616124,644.0,62.0,3.0
state_73e829c020bc7f1a0ced,rule_off,p1,p1:1,101,3,461.90812399921316,2406.8514766016356,461.81874031511444,265.50565334036946,0.13640763548513254,175.89755131242177,15.450235378618041,0.052688332895437874,4.720787983387709,0.05541633193691572,2210.4123941001794,0.12599552671114603,1655.0,71.0,3.0
state_7b616bddefee4a946561,context_only,p11,p11:2,101,3,72.969886707142,2246.0926345859966,72.91794700237612,71.33457631183167,0.13882527127861977,0.00889172467092673,0.03763327064613501,0.011461709315578142,1.340873617057999,0.04568509757518768,2244.3488902257136,0.16037366973857084,311.0,81.0,0.0
state_7b616bddefee4a946561,fixed_off,p11,p11:2,101,3,433.30693369110423,2118.1515336502343,433.2381250957648,260.3679373860359,0.1114840464045604,0.006856008743246396,168.80372228721777,0.04331069067120552,3.8614023942500353,0.04341228244205316,1945.1425346390654,0.13881130144000053,1618.0,62.0,4.0
state_7b616bddefee4a946561,me_r0,p11,p11:2,101,3,199.03948872039715,1701.1728167223434,198.98503902368248,193.49304299491146,0.10924429322282474,0.006656705712278684,2.6253057488550744,0.015067014222343763,2.700560571004947,0.03516169575353464,1695.5463152844459,0.13450540912648043,1187.0,56.0,1.0
state_7b616bddefee4a946561,pm_off,p11,p11:2,101,3,387.8480827746292,2374.451233074069,387.78128878523904,119.6359620274355,0.12436641069749992,6.763379632805784,258.93923772188526,0.04028265054027239,2.227781961361567,0.05027838051319122,2106.1361629981548,0.16974331811070442,667.0,74.0,2.0
state_7b616bddefee4a946561,rule_off,p11,p11:2,101,3,461.69421495869756,2143.246691673994,461.6250203301509,259.8201904135446,0.1458043698221445,182.7314232941717,14.289503761877617,0.048082865153749786,4.533535956094663,0.05647966948648294,1941.3209134557594,0.120948301628232,1589.0,62.0,3.0
state_7d11611fe82cb51f423b,context_only,p2,p2:3,202,3,73.30049900338054,1336.314359602208,73.26214131899178,71.97604894948502,0.1072566956281662,0.006400592004259427,0.02502533607184887,0.008706624309221903,1.1025854231168826,0.036117698376377426,1334.9159366140764,0.11233061862488587,312.0,48.0,0.0
state_7d11611fe82cb51f423b,fixed_off,p2,p2:3,202,3,451.5328793786466,2419.9924296699464,451.47609190704924,243.2812979289641,0.10725297033786774,0.007318953673044841,204.43940511904657,0.04293955862522125,3.554460359737277,0.043417016665140785,2211.6340226493776,0.16361304248372713,1505.0,72.0,4.0
state_7d11611fe82cb51f423b,me_r0,p2,p2:3,202,3,199.59868133688965,2147.206650581211,199.526181910187,193.55944963172078,0.12159029332300027,0.0076606714477141695,2.8121722862124443,0.01698569394648075,2.965656341984868,0.042666991551717125,2141.08308738408,0.15683091866473356,1159.0,72.0,1.0
state_7d11611fe82cb51f423b,pm_off,p2,p2:3,202,3,427.1596119894336,2190.3590604197234,427.0957074283312,233.63969304288426,0.13702642172574997,6.655621652801831,182.69539826239148,0.050831042851010956,3.863241601114472,0.05389540456235409,1996.782301614682,0.12074441959460576,1403.0,65.0,3.0
state_7d11611fe82cb51f423b,rule_off,p2,p2:3,202,3,465.0885740605493,2429.0354393888265,465.03721573390067,241.06753904682895,0.1256410808612903,160.31376497509578,59.978797333315015,0.03773237889011701,3.471207028875748,0.04253389003376166,2204.900673668211,0.16508903354406357,1472.0,72.0,3.0
state_7f1f924ade7a1af6ae77,context_only,p6,p6:2,303,8,88.44446437433362,2385.485057719052,88.39708667558928,86.6188589328279,0.13155008976658186,0.00801263377070427,0.04293296175698439,0.010932330042123795,1.5414807324608166,0.043318994964162506,2383.569458654771,0.1373713215192159,441.0,86.0,0.0
state_7f1f924ade7a1af6ae77,fixed_off,p6,p6:2,303,8,501.16808665916324,2774.018782268589,501.1114887117098,262.9657919363429,0.11706771329045296,0.007482245564460754,234.04843274814388,0.04493833209077517,3.882987036680182,0.044788699597120285,2535.7210449098297,0.1520405833919843,1644.0,83.0,4.0
state_7f1f924ade7a1af6ae77,me_r0,p6,p6:2,303,8,236.88741136963168,2462.6530806999654,236.8319258093834,229.89549844836196,0.12912872868279615,0.00837002880871296,3.4847373608499765,0.016776612028479576,3.251868998631835,0.045545632019639015,2455.5658790438124,0.15077429513136545,1297.0,82.0,1.0
state_7f1f924ade7a1af6ae77,pm_off,p6,p6:2,303,8,505.9328499870996,2774.5726734089353,505.86179038509727,261.4825820395102,0.12896706660588583,7.654342955599229,232.62315235721567,0.040169029186169304,3.8881169942518077,0.04445994272828102,2530.0176580591747,0.1758070041735967,1615.0,83.0,3.0
state_7f1f924ade7a1af6ae77,rule_off,p6,p6:2,303,8,498.9331776741892,2771.3692779652774,498.85876670790213,261.7164417169988,0.11221303914984067,220.0350669833521,13.013029703870416,0.03696597802142302,3.9012147268901267,0.04383455961942673,2534.0958586893976,0.13109428497652212,1615.0,83.0,3.0
state_8448ef50b692441367a2,context_only,p15,p15:1,303,8,88.95561463820438,1524.5444729613762,88.91219863047202,87.20930968411267,0.1270452824731668,0.0072143351038297015,0.03915543978412946,0.010427941257754961,1.4783715984473627,0.040674349293112755,1522.7071992897738,0.13438472524285316,440.0,54.0,0.0
state_8448ef50b692441367a2,fixed_off,p15,p15:1,303,8,506.3912322899948,2114.591768321892,506.3307819267114,261.43599627539515,0.1349175969759623,0.008564054345091185,240.4187503270805,0.05685227612654368,4.224589404960473,0.05111199182768663,1869.5576592969398,0.13932337363560995,1597.0,59.0,4.0
state_8448ef50b692441367a2,me_r0,p15,p15:1,303,8,202.69572168278197,2120.748316325868,202.62927996615568,196.25762128271163,0.12731862564881644,0.007883956034978231,3.071585359672705,0.01876902145644029,3.1045283346126475,0.0415733860184749,2114.252378620828,0.12427902159591515,1232.0,71.0,1.0
state_8448ef50b692441367a2,pm_off,p15,p15:1,303,8,249.46702807210386,1998.8618300606806,249.38169308006763,232.3776756723722,0.14280877076089382,8.148460260902842,5.102090382327636,0.022101914510130882,3.5435087823619447,0.04504729683200518,1981.708893707643,0.14891894534230232,1329.0,64.0,2.0
state_8448ef50b692441367a2,rule_off,p15,p15:1,303,8,521.9838812481612,2224.107624652485,521.908362939333,260.47845169280964,0.1526535488665104,241.86291576673588,14.7174799349159,0.053857375557223953,4.584594241653879,0.058410378793875374,1962.5212400375556,0.15647336840629578,1569.0,62.0,3.0
state_8a5aced6bb31f46ccdee,context_only,p14,p14:1,101,8,89.6037135583659,1933.755941921845,89.54862660417955,87.69077194544177,0.1451973027239243,0.0082130233446757,0.04088195661703745,0.011488329619169235,1.6086773636440437,0.04339668278892835,1931.7514956152688,0.1465916478385528,448.0,69.0,0.0
state_8a5aced6bb31f46ccdee,fixed_off,p14,p14:1,101,8,494.42420263464254,2214.04558327049,494.35803092395264,263.12348362989724,0.1196003674219052,0.007711583748459816,226.69364674948156,0.05612894892692566,4.304573327923815,0.05288631655275822,1982.6967276943226,0.11430828211208184,1625.0,63.0,4.0
state_8a5aced6bb31f46ccdee,me_r0,p14,p14:1,101,8,203.44465994276106,3257.5099150029323,203.3936153165996,198.04566190578043,0.11266861110925674,0.006647780537605286,2.2860156216969094,0.015616339320937792,2.8874813579022884,0.03952370025217533,3251.9949902780354,0.166971314077576,1273.0,112.0,1.0
state_8a5aced6bb31f46ccdee,pm_off,p14,p14:1,101,8,501.95386897151667,1947.2856405967225,501.8802909956624,261.4478917481999,0.12569696021576723,7.710866630077362,228.3170783581833,0.04860362969338894,4.1784873853127165,0.05166628398001194,1706.733388050149,0.11985329911112785,1600.0,53.0,3.0
state_8a5aced6bb31f46ccdee,rule_off,p14,p14:1,101,8,496.8844950199127,1940.5755603996415,496.81260910195607,261.4902573792885,0.12536471088727316,218.503664014861,12.406799631814161,0.0442090289046367,4.191829667737086,0.05048466846346855,1705.1385533219825,0.11465535499155521,1600.0,53.0,3.0
state_93a4cfa6c9b5fe214d3a,context_only,p6,p6:2,101,3,73.7899246159941,1425.261892999212,73.74032928297918,72.2916629165411,0.12363897015651067,0.007634051144123077,0.02983460823694865,0.009937367091576258,1.2363993252317111,0.04122204457720121,1423.6973902831476,0.11583634962638219,315.0,51.0,0.0
state_93a4cfa6c9b5fe214d3a,fixed_off,p6,p6:2,101,3,431.9204370646427,2204.9128293680646,431.86350795440376,261.1382359949251,0.10857234398523967,0.007164975007375081,166.58579596939185,0.043046350280443825,3.9364732801914215,0.04421904062231382,2034.043387665103,0.14416974348326525,1599.0,65.0,4.0
state_93a4cfa6c9b5fe214d3a,me_r0,p6,p6:2,101,3,199.7132101096213,2102.1621434483677,199.64370876550674,193.67406967406473,0.1246243870506684,0.008729364102085432,2.7805460461725793,0.018235606451829273,2.9962114058434963,0.041292281821370125,2096.028063989555,0.1644403673708439,1168.0,70.0,1.0
state_93a4cfa6c9b5fe214d3a,pm_off,p6,p6:2,101,3,304.2026803207894,2322.021322014431,304.1414946783334,120.08883307377498,0.1349966817845901,6.437335629016161,175.04451462688544,0.04099674212435881,2.3412026154498258,0.05361530929803848,2137.814018409699,0.154642000173529,673.0,75.0,2.0
state_93a4cfa6c9b5fe214d3a,rule_off,p6,p6:2,101,3,477.01992366152507,2263.1447257008404,476.951940683648,259.96037665754557,0.10744404668609302,155.85563463779786,57.03162533851961,0.03922466809550921,3.9146189422657094,0.04301639273762703,2045.989935984835,0.16322568990290165,1569.0,65.0,3.0
state_95842d5fdb802835301d,context_only,p17,p17:2,202,3,71.76725768173735,1553.3558297126244,71.72119074190657,70.47493779100478,0.1119437317053477,0.006937266637881597,0.024338020011782646,0.00876537524163723,1.0596503658841054,0.03461819142103195,1551.9915483891964,0.11802837252616882,304.0,56.0,0.0
state_95842d5fdb802835301d,fixed_off,p17,p17:2,202,3,415.0859343353659,2212.3117425944656,415.0192716624588,242.9147126773993,0.10908635643621285,0.006591978793342908,168.2115416818609,0.044628589724500976,3.687215115254124,0.045495262990395226,2040.0860913408299,0.12109226857622464,1491.0,66.0,4.0
state_95842d5fdb802835301d,me_r0,p17,p17:2,202,3,183.961860757942,2043.3843617017071,183.90759468699494,179.7517559801539,0.10825274512171745,0.0067229848355054855,1.4254116298009951,0.01453437531987826,2.5653219781816006,0.03559499358137449,2039.086149695019,0.14237329984704652,1096.0,69.0,1.0
state_95842d5fdb802835301d,pm_off,p17,p17:2,202,3,402.91103969017666,2529.0780313468226,402.8515173122287,233.19923225790262,0.10918942280113697,5.7338095890978975,160.3774280132105,0.040004728361964226,3.3482559180508056,0.04359738280375799,2359.2729082641504,0.15283802834649882,1407.0,78.0,3.0
state_95842d5fdb802835301d,rule_off,p17,p17:2,202,3,422.13858175091445,2390.100500701616,422.07699238012236,241.513486020267,0.12209041354556878,165.68737267516553,10.890956036746502,0.040167554592092834,3.774364944547415,0.048554735258221626,2209.411666030064,0.1253283116966486,1464.0,72.0,3.0
state_9e3983d41b32234f1cb8,context_only,p3,p3:2,101,3,72.82234355807304,2092.126360939195,72.78793087850015,71.53564303492506,0.11159596033394337,0.0067069971313079195,0.025240549196799595,0.008640733237067858,1.0659326799213886,0.03417092375457287,2090.74089047499,0.13318262062966824,311.0,76.0,0.0
state_9e3983d41b32234f1cb8,fixed_off,p3,p3:2,101,3,416.341069387272,1659.317351412028,416.28435906022787,241.7559417275091,0.11343462392687798,0.007197726517915726,170.83633271977305,0.042337303360303245,3.48601498020192,0.04309997893869877,1484.6781646677603,0.11076941154897213,1479.0,46.0,4.0
state_9e3983d41b32234f1cb8,me_r0,p3,p3:2,101,3,200.72708069346845,2240.7368696294725,200.6501683499664,194.4789553526789,0.12083894883592923,0.007331371307373047,3.007869003340602,0.01631529691318671,2.979723270982504,0.03913510590791702,2234.396797604859,0.16885902732610703,1179.0,75.0,1.0
state_9e3983d41b32234f1cb8,pm_off,p3,p3:2,101,3,295.9167999991526,1569.7014646138996,295.85826202916604,105.3473292849958,0.12426132646699746,6.225873405734698,182.04452896801135,0.0367780060817798,2.0284810258696475,0.051010012005766235,1379.070934606716,0.11959726301332314,544.0,48.0,2.0
state_9e3983d41b32234f1cb8,rule_off,p3,p3:2,101,3,466.65547935602564,1707.7416093864788,466.59335494041443,246.57126624758044,0.11024336951474349,159.23006692901254,57.22322276172539,0.03735690067211787,3.3781653425345817,0.04303338937461376,1487.6033686256658,0.11615206797917683,1453.0,46.0,3.0
state_9f80d2122468a6feed9e,context_only,p3,p3:2,303,3,73.21322336792946,1688.8952397275716,73.17409904984136,71.8915587446342,0.10988667296866576,0.007034667457143466,0.02658669836819172,0.008631652841965357,1.0937913320958614,0.03660928147534529,1687.4723414269586,0.1403579954057932,314.0,61.0,0.0
state_9f80d2122468a6feed9e,fixed_off,p3,p3:2,303,3,513.2614367175847,1869.7388557096322,513.1930836165944,260.3391979355365,0.14327839016914368,0.008660989503065744,248.59002364488938,0.05391271164019903,4.008457685510318,0.04955225934584936,1616.771490002672,0.11348002590239048,1565.0,50.0,4.0
state_9f80d2122468a6feed9e,me_r0,p3,p3:2,303,3,200.15555433928967,1769.8072443405788,200.0942366818587,194.15699131786823,0.1260873395949602,0.007821014150977135,2.7876519598066807,0.01681370971103509,2.956278699760636,0.04259264096617699,1763.715593609959,0.1544053666293621,1165.0,58.0,1.0
state_9f80d2122468a6feed9e,pm_off,p3,p3:2,303,3,320.91984199360013,1630.724737032627,320.86385569224757,122.3022670019418,0.136832008138299,6.668911936382453,189.1632357146591,0.04321670470138391,2.4967079516500235,0.05268437477449576,1432.0295230330278,0.1336253092934688,723.0,49.0,3.0
state_9f80d2122468a6feed9e,rule_off,p3,p3:2,303,3,450.2912502891074,1815.7859252920996,450.22744964808226,258.66362468029064,0.11896699046095212,174.22659097549817,13.239362354700765,0.043722024808327355,3.886107044915358,0.04907557740807533,1624.0528852989275,0.1692150253802538,1539.0,50.0,3.0
state_a29f6bb7f961dea69b91,context_only,p13,p13:2,303,3,73.39726528152823,1956.6799809690565,73.36023030802608,72.09412707015872,0.10831203932563464,0.0062819259862105055,0.02603675238788128,0.008363897601763407,1.0816393575320642,0.0354692650338014,1955.2860433856647,0.12783434552450976,316.0,71.0,0.0
state_a29f6bb7f961dea69b91,fixed_off,p13,p13:2,303,3,426.93164230634767,1780.6291236386944,426.8751776156326,259.37758463745314,0.10656464534501235,0.0067783985286951065,163.68433693423867,0.04290393553674221,3.614197097097834,0.04281196743249893,1613.0198853400846,0.11164532043039799,1541.0,50.0,4.0
state_a29f6bb7f961dea69b91,me_r0,p13,p13:2,303,3,187.07128427922726,1798.8009119872004,187.00658266122142,181.78026238456368,0.10603658544520538,0.006634043529629707,2.4270642704019942,0.014073370645443598,2.637173980474472,0.03533802616099516,1793.4558286797255,0.11876303081711133,1145.0,60.0,1.0
state_a29f6bb7f961dea69b91,pm_off,p13,p13:2,303,3,291.05237196199596,1914.753920243432,291.0062299730877,120.83778902888298,0.10995233121017615,6.0436963103711605,161.86993933903673,0.030698953196406364,2.0697546812395253,0.04439932915071646,1744.4658013992012,0.11967790002624194,696.0,61.0,2.0
state_a29f6bb7f961dea69b91,rule_off,p13,p13:2,303,3,421.47686270376045,1773.3275267140318,421.425083031257,243.65702698317668,0.1228797094275554,162.16744063422084,11.75331169118484,0.036697679509719215,3.6393420305103064,0.048384303227066994,1595.447732989366,0.11173767658571403,1516.0,50.0,3.0
state_a2b50f690e7dd448cedb,context_only,p10,p10:1,202,3,73.64233195160826,1861.0358373261988,73.59625957906246,72.16682797297835,0.12468562150994937,0.007654928291837375,0.029002083465456963,0.009341320643822352,1.217212372769912,0.04153527940313021,1859.4538086714845,0.15259704863031706,315.0,67.0,0.0
state_a2b50f690e7dd448cedb,fixed_off,p10,p10:1,202,3,407.7532789669931,1847.284505609423,407.6985059461246,244.23698304841915,0.10786329706509908,0.006472226232290268,159.70072002771,0.043509372820456825,3.5593650924662747,0.04359288141131401,1683.6841403661917,0.13884234552582106,1530.0,53.0,4.0
state_a2b50f690e7dd448cedb,me_r0,p10,p10:1,202,3,186.9643946023037,2338.495423008377,186.8621415924281,181.84154705765346,0.11952361091971397,0.00761736494799455,1.9665326302250226,0.015606638044118881,2.872907013321916,0.038407277315855026,2333.3484900649637,0.12633840863903364,1142.0,79.0,1.0
state_a2b50f690e7dd448cedb,pm_off,p10,p10:1,202,3,302.3173806723207,2100.501771007354,302.2543393696348,122.12375667877495,0.12328204077978928,6.192781031131744,171.3195366319269,0.04401096763710181,2.3984666913747787,0.05250532800952593,1920.2257563204814,0.1454319960127274,712.0,67.0,3.0
state_a2b50f690e7dd448cedb,rule_off,p10,p10:1,202,3,407.9616563394666,2148.0787139541158,407.90566328602534,243.34817992833754,0.106837988520662,150.39623629612228,10.431562395145496,0.03577598060170809,3.5437169329573712,0.043353764340281487,1983.389797930916,0.13143266551196575,1502.0,64.0,3.0
state_addd9cc6e8fd4ccb6c2b,context_only,p6,p6:1,303,3,73.83817170436184,2032.4136649724096,73.78944133718808,72.21314962953329,0.13863233228524527,0.008768324429790178,0.03334064967930317,0.010409702857335409,1.3395620044320822,0.045578693971037865,2030.665766292562,0.17160697219272456,312.0,73.0,0.0
state_addd9cc6e8fd4ccb6c2b,fixed_off,p6,p6:1,303,3,438.4658980804185,1937.6842549536377,438.39994771406054,243.51452834283313,0.10841332065562408,0.00708666630089283,190.86601266947886,0.04616899726291498,3.8094030072291694,0.04833471029996872,1742.664582328871,0.1342532535394033,1509.0,55.0,4.0
state_addd9cc6e8fd4ccb6c2b,me_r0,p6,p6:1,303,3,186.47127730461457,1888.9390726884205,186.39052573901913,180.48384226858616,0.1263710049291452,0.007715774700045586,2.7705352598180375,0.01538506088157495,2.9455403176446757,0.04113605245947838,1882.9119508930792,0.12043832490841548,1118.0,63.0,1.0
state_addd9cc6e8fd4ccb6c2b,pm_off,p6,p6:1,303,3,463.5696819362541,2148.935387066255,463.4960543674727,245.67791431521377,0.14005904085934162,6.973591322700183,206.6588873664538,0.05089134598771731,3.9412452218433223,0.053465754414598145,1930.951570936789,0.16567607720692953,1423.0,62.0,3.0
state_addd9cc6e8fd4ccb6c2b,rule_off,p6,p6:1,303,3,443.8223299415161,1946.4334756291162,443.7494863135119,242.19041030543545,0.12257361474136512,184.4462362738947,13.064015346268812,0.040981375301877655,3.835414070636034,0.04985532723367214,1744.704366273557,0.17003334748248258,1480.0,55.0,3.0
state_b34bb1d28ab722e83dc6,context_only,p11,p11:1,303,3,73.22444495124121,1697.661637250955,73.16996289106707,71.58941767799358,0.14003591301540533,0.009024360527594885,0.033321635176738106,0.010641291737556458,1.341391121968627,0.04613089064757029,1695.96055499278,0.12053704510132472,308.0,61.0,0.0
state_b34bb1d28ab722e83dc6,fixed_off,p11,p11:1,303,3,444.9580532964319,2828.334511645759,444.89924997712177,262.5286030427863,0.12018733347455661,0.008329593886931738,178.11705203106007,0.04870266032715639,4.025700036436319,0.05067527915040652,2645.8113146945834,0.15255001684029898,1606.0,87.0,4.0
state_b34bb1d28ab722e83dc6,me_r0,p11,p11:1,303,3,200.9660406038165,2936.9407423461475,200.8627636047701,194.6855999995023,0.14300202019512653,0.008276586110393206,2.62850538517038,0.0175752987464269,3.3295519339541593,0.05025238109131654,2930.601241377493,0.16233736338714758,1178.0,100.0,1.0
state_b34bb1d28ab722e83dc6,pm_off,p11,p11:1,303,3,446.22123225902516,2833.92054362533,446.1629376746714,260.84874547086656,0.1072899904102087,5.81842598815759,175.65872830649218,0.03710466747482618,3.64747930628558,0.04516394498447577,2648.4489074597755,0.1574439617494742,1577.0,87.0,3.0
state_b34bb1d28ab722e83dc6,rule_off,p11,p11:1,303,3,435.72956696152687,2822.801990977799,435.66617198909324,260.30795198554796,0.12288529736300309,160.1664846918235,11.318329644079009,0.0338090273241202,3.6728503182530403,0.043861024702588715,2647.2920135905347,0.15175738371908665,1577.0,87.0,3.0
state_ce63694b53376eb98c5b,context_only,p5,p5:1,303,3,72.82101199962199,1634.448448351274,72.78341435206433,71.52657071128488,0.10733601326743762,0.0062622906019290285,0.025368062779307365,0.008749930808941523,1.074292076130708,0.03483526719113191,1633.0653013040621,0.126303406432271,311.0,59.0,0.0
state_ce63694b53376eb98c5b,fixed_off,p5,p5:1,303,3,426.79321897837025,2480.1022852770984,426.73721769824624,262.6037233664344,0.10759763730069001,0.006877972433964412,160.09456648801765,0.04377154012521108,3.837231080979109,0.04344961295525233,2315.8364937019846,0.13229724330206713,1608.0,75.0,4.0
state_ce63694b53376eb98c5b,me_r0,p5,p5:1,303,3,200.84139161432782,2502.8437429573387,200.77841325352588,195.32854234178862,0.12003684726854165,0.007669363791743915,2.204155083745718,0.017491324494282406,3.0582513039310775,0.04226698850591978,2497.264057320232,0.129814725369215,1204.0,85.0,1.0
state_ce63694b53376eb98c5b,pm_off,p5,p5:1,303,3,431.88560870476067,2486.491350301852,431.82402833675343,260.7418726353596,0.10669464245438576,5.81503768141071,161.26350639387965,0.04086131229996681,3.8113617338240147,0.04469393752515316,2315.2732039646557,0.13599063580234846,1582.0,75.0,3.0
state_ce63694b53376eb98c5b,rule_off,p5,p5:1,303,3,440.0561216752976,2487.9008809415004,439.98223162877065,260.4943303546558,0.12165300237635772,162.97868732362986,12.021799959863225,0.04396137471000353,4.269915943344434,0.0518836701909701,2308.2858939499906,0.127085717394948,1582.0,75.0,3.0
state_d80a3fc38721df9b55fe,context_only,p14,p14:3,101,8,88.61856139265001,1842.698668052132,88.57091935351491,86.86780758822958,0.12363074347376823,0.007307933022578557,0.03599111611644427,0.01030865435798963,1.4863749189923208,0.03949839932223161,1840.8724279142916,0.12312837255497773,436.0,66.0,0.0
state_d80a3fc38721df9b55fe,fixed_off,p14,p14:3,101,8,481.420032447204,2650.091185079267,481.36322712525725,264.5743479952216,0.11141505092382431,0.006887751320997874,212.5922393364211,0.047106994315981865,3.9879463923474154,0.04328360470632712,2433.1350289285183,0.16727702071269354,1649.0,79.0,4.0
state_d80a3fc38721df9b55fe,me_r0,p14,p14:3,101,8,204.04890769471726,2469.769786344841,203.9813962765038,198.21590363668898,0.12459466233849525,0.007923692464828491,2.4112063304831586,0.0175059928248326,3.1648310056577125,0.03943095604578654,2463.8506887325398,0.15360497248669466,1273.0,83.0,1.0
state_d80a3fc38721df9b55fe,pm_off,p14,p14:3,101,8,497.79216495032114,2740.9574140328914,497.74047600415844,262.65968902346987,0.12369236598412196,7.640139587844412,223.22772474338612,0.04303129389882088,4.000278344998757,0.045920644576350846,2505.7406607083976,0.1359663438051939,1624.0,82.0,3.0
state_d80a3fc38721df9b55fe,rule_off,p14,p14:3,101,8,497.340261315306,2743.140887003392,497.2610706463456,262.97581661492586,0.12881401926279068,217.9792729051163,11.93738814132909,0.04145720352729162,4.1507223310569925,0.0475994311273098,2508.696691288302,0.158941683669885,1624.0,82.0,3.0
state_db22d2c498fc000886f2,context_only,p11,p11:1,303,8,88.85990595445037,2450.3607753043375,88.82254967465997,87.24805635089676,0.11847028508782387,0.007259737079342206,0.03635728110869726,0.00986169713238875,1.3678510052462418,0.0346933181087176,2448.6236039859555,0.1626779946188132,444.0,88.0,0.0
state_db22d2c498fc000886f2,fixed_off,p11,p11:1,303,8,553.1380273556957,2820.41548169218,553.0765670506904,297.9855543623368,0.11913237782816093,0.00788271427154541,250.35209922740856,0.05138168732325236,4.50908027899762,0.05143640252451102,2565.1703369803727,0.15413202345371246,1761.0,82.0,4.0
state_db22d2c498fc000886f2,me_r0,p11,p11:1,303,8,238.15057869069278,2380.289464723319,238.09981105538705,231.91692967278263,0.11474833202858765,0.0071427008757988615,2.9926032293587923,0.016771101703246433,3.0138369960089526,0.03777902262906233,2373.966274317354,0.14030902336041132,1317.0,79.0,1.0
state_db22d2c498fc000886f2,pm_off,p11,p11:1,303,8,542.2592236815641,3046.160823587949,542.203762413313,295.85490212775767,0.10835363840063413,7.23365096685787,234.78180107971033,0.04067295230925083,4.135975303749244,0.04840634452799956,2799.6797430484244,0.13222025396923223,1732.0,91.0,3.0
state_db22d2c498fc000886f2,rule_off,p11,p11:1,303,8,554.2472793410221,3058.0758823392293,554.1854770078013,296.04872471342486,0.12734167588253817,239.6852336047838,13.75643901216487,0.04425474132100741,4.472263700639208,0.05121955958505472,2799.8056993819773,0.13343066287537417,1732.0,91.0,3.0
state_dc179cba0782e93e7d90,context_only,p3,p3:1,202,3,73.2607093329231,1766.9371356411527,73.22310361390312,71.93111201437812,0.11100426005820434,0.006856396794319153,0.02740564135213693,0.009024360527594885,1.1011539803196986,0.03654696047306061,1765.521297386537,0.12384665509064992,316.0,64.0,0.0
state_dc179cba0782e93e7d90,fixed_off,p3,p3:1,202,3,484.7796845715493,2416.327765599514,484.70644326880574,243.50177271602055,0.12906361371278763,0.008761339510480562,236.9524323536704,0.054237665608525276,4.009114966417353,0.05106061386565367,2175.000476728504,0.12261831822494666,1510.0,71.0,4.0
state_dc179cba0782e93e7d90,me_r0,p3,p3:1,202,3,200.19405071313182,2469.1374447041503,200.1363520976156,194.41103438536325,0.10877808866401513,0.006906610603133838,2.7951966815938554,0.015928953265150387,2.762477689733108,0.03602968839307626,2463.2670940676085,0.14503292428950468,1184.0,84.0,1.0
state_dc179cba0782e93e7d90,pm_off,p3,p3:1,202,3,364.45867200382054,2215.7322607624033,364.39015173042816,109.2324370207886,0.12584038389225802,6.430863092343013,246.40928162261844,0.035856617614626884,2.1093874238431454,0.04648556932806969,1960.4245980735868,0.14994797917703787,625.0,69.0,2.0
state_dc179cba0782e93e7d90,rule_off,p3,p3:1,202,3,423.6846150209506,2133.056359908854,423.625134009247,242.4127006282409,0.1112936685482661,165.62056099064648,11.892876975859204,0.03539732036491235,3.5093820188194513,0.04292240676780542,1951.7256645485759,0.1182619792719682,1484.0,63.0,3.0
state_e3ae4b1a11e31be0e9cc,context_only,p18,p18:1,202,3,73.91124040198822,1750.4516897412639,73.8657695086052,72.45544677910705,0.12260015743474166,0.007912594204147657,0.029394635930657387,0.010109661767880121,1.198660039032499,0.041645641128222145,1748.8924077091117,0.148959302653869,317.0,63.0,0.0
state_e3ae4b1a11e31be0e9cc,fixed_off,p18,p18:1,202,3,435.2721123335262,1597.4930759985,435.190827663367,262.0717939765503,0.12467498891055584,0.008271308615803719,168.6328490419934,0.05258301583429178,4.249994643032551,0.05066068843007088,1424.26530791757,0.10873439411322276,1603.0,43.0,4.0
state_e3ae4b1a11e31be0e9cc,me_r0,p18,p18:1,202,3,204.0471446234733,1805.408994667232,203.97889101877809,198.7009219980488,0.13939500786364079,0.008750008419156075,1.6064632994433243,0.018271695201595623,3.45670726771156,0.0483817420899868,1799.9804739374667,0.15055170903603235,1278.0,59.0,1.0
state_e3ae4b1a11e31be0e9cc,pm_off,p18,p18:1,202,3,441.0636910858254,2192.317413709437,440.9852259947608,260.30167161176604,0.12487599936624368,6.392965093255043,169.86539990951619,0.046398102616270386,4.201824543997645,0.052090734243392944,2011.4732769628365,0.16058236360549927,1573.0,64.0,3.0
state_e3ae4b1a11e31be0e9cc,rule_off,p18,p18:1,202,3,481.1626709997654,2233.1756482987353,481.0833920103808,260.5964445974678,0.12041294636825721,160.70890543051064,55.37596864936253,0.04539398166040579,4.185858337829511,0.05040806718170643,2012.566262235244,0.12243865057826042,1573.0,64.0,3.0
state_e4cf97356c4208ddbc78,context_only,p18,p18:1,303,8,88.5528705548495,1793.2480926780652,88.50479366568227,86.77764570650955,0.127724294240276,0.00746392955382665,0.03856940505405267,0.010625304033358892,1.501487645631035,0.04127738066017628,1791.3777572878946,0.14318743099768957,440.0,64.0,0.0
state_e4cf97356c4208ddbc78,fixed_off,p18,p18:1,303,8,574.4387980084866,1991.8949659913778,574.3834644090384,298.0175113771111,0.11354141558210055,0.007229934756954511,272.04122169253725,0.04687036077181498,4.115050969024499,0.04203865925470988,1715.3978156857193,0.1311972737312317,1789.0,52.0,4.0
state_e4cf97356c4208ddbc78,me_r0,p18,p18:1,303,8,237.87818189399937,2669.500093984728,237.82580625265837,232.63664093489447,0.11344230733811855,0.006958299006024997,1.8859939494480689,0.01606508158147335,3.1312116576979556,0.035494022692243256,2664.1302555799484,0.18067308701574802,1401.0,89.0,1.0
state_e4cf97356c4208ddbc78,pm_off,p18,p18:1,303,8,531.4570077074071,2531.4046282631657,531.4049709122628,296.2104342877865,0.11241800772647063,7.248142268508673,223.70343438039222,0.0406922772526741,4.045822347203891,0.04402734339237213,2296.083888349434,0.12620328925549984,1759.0,73.0,3.0
state_e4cf97356c4208ddbc78,rule_off,p18,p18:1,303,8,606.7498439612488,2607.332908315584,606.6804362926632,295.8360679913312,0.12343702837824821,230.52495166969797,75.94186735029022,0.04153256304562092,4.1692353164156275,0.04334437350432078,2296.364401389534,0.12413862471779187,1759.0,73.0,3.0
state_ea30f99985081e48c794,context_only,p15,p15:2,101,8,87.73898240178823,1716.324666282162,87.68916533639033,86.15245103525619,0.11202933577199777,0.006798344353834788,0.032185266415278115,0.00902536946038405,1.340141985565424,0.036533999567230545,1714.6337400190532,0.1542119619747003,424.0,61.0,0.0
state_ea30f99985081e48c794,fixed_off,p15,p15:2,101,8,497.90681681285304,2140.4906657213965,497.85221880301833,264.1643756845345,0.12793811038136482,0.007984926924109459,229.11694110371172,0.055833642060558,4.327432640517752,0.051712694888313614,1906.6846933371078,0.1181292658050855,1640.0,60.0,4.0
state_ea30f99985081e48c794,me_r0,p15,p15:2,101,8,237.92185564525425,1695.8429319007944,237.82979130434492,231.3528216133515,0.131575313086311,0.007738669713338216,3.0075830096999803,0.01849699765443802,3.268840334688624,0.04273536615073681,1689.2290233323972,0.13693887740373611,1293.0,54.0,1.0
state_ea30f99985081e48c794,pm_off,p15,p15:2,101,8,504.1423146612942,1985.7267796372373,504.07641699227196,262.8531460650265,0.12735199804107347,7.560133934020996,229.17353338561952,0.050056648130218186,4.262154068176945,0.050040893256664276,1744.3644437007606,0.1390650092313687,1613.0,54.0,3.0
state_ea30f99985081e48c794,rule_off,p15,p15:2,101,8,517.3570627036194,1999.825163045898,517.2711866907775,262.6444869674742,0.14396035112440586,234.4494516340395,15.177195348466435,0.05431007593870163,4.742105957120657,0.05967635661363602,1745.0383643154055,0.16009900718927383,1613.0,54.0,3.0
state_ed94ec62c6728002740f,context_only,p5,p5:2,202,8,88.46390666440129,1813.8051450562973,88.42524661061664,86.88592631369829,0.11143662656346957,0.00636341671148936,0.03464465650419394,0.009161652997136116,1.342709952344497,0.035003991797566414,1812.1403763070703,0.125448452308774,440.0,65.0,0.0
state_ed94ec62c6728002740f,fixed_off,p5,p5:2,202,8,541.7749523185194,2435.5851029977202,541.7233919724822,264.7587740017722,0.11113689591487248,0.006954030444224675,272.8321619797498,0.047438389932115875,3.924003957460324,0.04292271720866362,2158.4785890299827,0.1418959970275561,1662.0,69.0,4.0
state_ed94ec62c6728002740f,me_r0,p5,p5:2,202,8,237.1318053919822,2189.291254384443,237.0721649688979,231.3544893016418,0.10946765542030334,0.006856319184104602,2.637143712490797,0.015729650234182675,2.9137632809579372,0.03471504896879196,2183.4493013254055,0.12427739178140958,1307.0,72.0,1.0
state_ed94ec62c6728002740f,pm_off,p5,p5:2,202,8,504.81033604592085,2080.5745883844793,504.7546257264912,263.0265426511566,0.10990537703037262,7.267023048674067,230.34725966863334,0.04080457923312982,3.919021071245273,0.04406933051844438,1838.7306666312118,0.11583867793281873,1636.0,58.0,3.0
state_ed94ec62c6728002740f,rule_off,p5,p5:2,202,8,571.8272704010209,2154.854080406949,571.7593020914743,263.59259942546487,0.12622874540587267,231.80309566669166,72.02661961006622,0.04292807231346766,4.122257232666016,0.045573338866233826,1846.5732497473557,0.1141279935836792,1636.0,58.0,3.0
state_f049f9aa281c155b885e,context_only,p7,p7:1,101,3,73.17542921130855,1915.855732280761,73.12492661488552,71.71229661131899,0.12234629442294438,0.007971345136562983,0.02869862752656142,0.009747066845496496,1.2029935605823994,0.040873109052578606,1914.2814075263839,0.1616947508106629,309.0,69.0,0.0
state_f049f9aa281c155b885e,fixed_off,p7,p7:1,101,3,493.34968828285736,2975.95211599643,493.27663192525506,264.113487675786,0.11316686868667603,0.007724078993002574,224.6939546894282,0.051033993562062584,4.246720345690846,0.05054427310824394,2746.630070032552,0.15890171440939108,1636.0,90.0,4.0
state_f049f9aa281c155b885e,me_r0,p7,p7:1,101,3,200.4974753751109,2083.4423273336142,200.4414990078658,195.03628835082054,0.12611830607056618,0.008027690152327219,2.1316160758336387,0.01708138734102249,3.0801352113485336,0.04223198629915714,2077.9134093318135,0.12370734475553036,1202.0,70.0,1.0
state_f049f9aa281c155b885e,pm_off,p7,p7:1,101,3,324.10421897657216,2012.1899186633527,324.04150006671745,119.75672910921276,0.14286666798094907,6.620788636306922,194.93936002254486,0.04679298338790735,2.4787867441773415,0.05617590310672919,1807.7658703550696,0.13927735077838102,663.0,63.0,2.0
state_f049f9aa281c155b885e,rule_off,p7,p7:1,101,3,480.4643706884235,2839.2805366311222,480.40411636854213,262.66736110361916,0.11155164490143459,159.68287410214543,54.01620587023596,0.03717397339642048,3.845954081043601,0.04299559320012728,2621.3901763937124,0.15360497248669466,1610.0,86.0,3.0
state_f7b7aecac7e1b57f3f2a,context_only,p17,p17:3,202,8,88.09068930956225,1465.1255236628156,88.05565900790195,86.52189606800675,0.11486924874285857,0.0065177058180173235,0.03442711507280668,0.009754206985235214,1.332707703113556,0.03548696016271909,1463.4709767221163,0.12078400080402692,432.0,52.0,0.0
state_f7b7aecac7e1b57f3f2a,fixed_off,p17,p17:3,202,8,567.3547166710099,2370.2969066798687,567.2886439909538,297.20774533537525,0.11373901118834813,0.0073556633045276,265.74091070021194,0.047493958845734596,4.128410015255213,0.04298930677274863,2100.095106754452,0.12090126983821392,1752.0,66.0,4.0
state_f7b7aecac7e1b57f3f2a,me_r0,p17,p17:3,202,8,250.77861407771707,2001.973529967169,250.71511471954486,245.2361717199286,0.12892973609268665,0.007751009737451871,1.8359282209227483,0.017931684851646423,3.447518994410833,0.040883353600899376,1996.3741093718756,0.12047759567697842,1412.0,64.0,1.0
state_f7b7aecac7e1b57f3f2a,pm_off,p17,p17:3,202,8,547.959309614574,2127.103705657646,547.9017299755166,282.6601626196255,0.1426655799150467,12.710345753779015,248.24101066527268,0.04266000663240751,4.061592665190498,0.04329268510142962,1861.738039335857,0.12409896589815617,1725.0,58.0,3.0
state_f7b7aecac7e1b57f3f2a,rule_off,p17,p17:3,202,8,573.7864376666645,2169.413564959541,573.7210952987274,282.73072668040794,0.12878033642967543,229.41738654238483,56.811419781297445,0.05198929769297441,4.529553310324748,0.0512393501897653,1878.2806326635182,0.14256367770334086,1725.0,58.0,3.0
